{"cameraMode":{"drawMode":0,"name":"Shaded","section":"Shading Mode"},"sceneLighting":false,"audioPlay":false,"sceneViewState":{"showFog":true,"showMaterialUpdate":false,"showSkybox":false,"showFlares":true,"showImageEffects":true,"showParticleSystems":true,"showVisualEffectGraphs":true,"m_FxEnabled":true},"in2DMode":false,"pivot":{"x":19.029884338378908,"y":0.03999999165534973,"z":3.9789676666259767},"rotation":{"x":-0.4296775758266449,"y":-0.2808256149291992,"z":0.14258244633674622,"w":-0.8462770581245422},"size":1.2247449159622193,"orthographic":false}