{"cameraMode":{"drawMode":0,"name":"Shaded","section":"Shading Mode"},"sceneLighting":false,"audioPlay":false,"sceneViewState":{"showFog":true,"showMaterialUpdate":false,"showSkybox":false,"showFlares":true,"showImageEffects":true,"showParticleSystems":true,"showVisualEffectGraphs":true,"m_FxEnabled":true},"in2DMode":false,"pivot":{"x":25.29717254638672,"y":10.73483657836914,"z":-11.850628852844239},"rotation":{"x":-0.31137561798095705,"y":-0.030784597620368005,"z":0.010094956494867802,"w":-0.9497411251068115},"size":1.7499933242797852,"orthographic":false}