{"cameraMode":{"drawMode":0,"name":"Shaded","section":"Shading Mode"},"sceneLighting":false,"audioPlay":false,"sceneViewState":{"showFog":true,"showMaterialUpdate":false,"showSkybox":false,"showFlares":true,"showImageEffects":true,"showParticleSystems":true,"showVisualEffectGraphs":true,"m_FxEnabled":true},"in2DMode":false,"pivot":{"x":16.788179397583009,"y":-23.553848266601564,"z":-3.439699411392212},"rotation":{"x":-0.0026761763729155065,"y":-0.7263380289077759,"z":0.6873278617858887,"w":-0.002827662043273449},"size":23.07061195373535,"orthographic":false}